{
  "id": "8c0f4d8e-7514-e6eb-f64e-c1ae167e3488",
  "name": "ICE Resource Server Env",
  "values": [
    {
      "enabled": true,
      "key": "ice-rs-url",
      "value": "http://localhost:5000",
      "type": "text"
    },
    {
      "enabled": true,
      "key": "promo-target",
      "value": "PREMIUM",
      "type": "text"
    },
    {
      "enabled": true,
      "key": "promo-code",
      "value": "WILLYVANILLY",
      "type": "text"
    },
    {
      "enabled": true,
      "key": "apiam-issuer",
      "value": "",
      "type": "text"
    },
    {
      "enabled": true,
      "key": "apiam-client-id",
      "value": "",
      "type": "text"
    },
    {
      "enabled": true,
      "key": "apiam-client-secret",
      "value": "",
      "type": "text"
    },
    {
      "enabled": true,
      "key": "access_token",
      "value": "",
      "type": "text"
    }
  ],
  "timestamp": 1499138267729,
  "_postman_variable_scope": "environment",
  "_postman_exported_at": "2017-07-04T03:18:11.931Z",
  "_postman_exported_using": "Postman/5.0.0"
}