{
	"eventType": "com.okta.event_hook",
	"eventTypeVersion": "1.0",
	"cloudEventsVersion": "0.1",
	"source": "https://ericlynchdemo007.oktapreview.com/api/v1/eventHooks/whotdmcxo546J8y4x0h7",
	"eventId": "7ffdcd30-2b35-47cb-8fb6-d6598d4e164d",
	"data": {
		"events": [
			{
				"uuid": "e77fa2e0-fdde-11ea-819d-55610486a0e8",
				"published": "2020-09-23T20:53:59.669Z",
				"eventType": "user.account.update_profile",
				"version": "0",
				"displayMessage": "Update user profile for Okta",
				"severity": "INFO",
				"client": {
					"userAgent": {
						"rawUserAgent": "Mozilla/5.0 (Windows NT 10.0; Win64; x64) AppleWebKit/537.36 (KHTML, like Gecko) Chrome/85.0.4183.102 Safari/537.36",
						"os": "Windows 10",
						"browser": "CHROME"
					},
					"zone": "null",
					"device": "Computer",
					"ipAddress": "73.184.245.132",
					"geographicalContext": {
						"city": "Woodstock",
						"state": "Georgia",
						"country": "United States",
						"postalCode": "30188",
						"geolocation": {
							"lat": 34.1078,
							"lon": -84.5026
						}
					},
					"ipChain": [
						{
							"ip": "73.184.245.132",
							"geographicalContext": {
								"city": "Atlanta",
								"state": "Georgia",
								"country": "United States",
								"postalCode": "30303",
								"geolocation": {
									"lat": 34.1078,
									"lon": -84.5026
								}
							},
							"version": "V4"
						}
					]
				},
				"actor": {
					"id": "00up6ownmvRBJ1UHX0h7",
					"type": "User",
					"alternateId": "oktatraining@okta.com",
					"displayName": "Class Admin"
				},
				"outcome": {
					"result": "SUCCESS"
				},
				"target": [
					{
						"id": "00ushv4xwpqbk8oI60h7",
						"type": "User",
						"alternateId": "kay.west@oktaice.com",
						"displayName": "Kay West"
					}
				],
				"transaction": {
					"type": "WEB",
					"id": "X2u157OVKzRKzOKYWNbDBgAAB2A",
					"detail": {
					}
				},
				"debugContext": {
					"debugData": {
						"requestId": "X2u157OVKzRKzOKYWNbDBgAAB2A",
						"threatSuspected": "false",
						"requestUri": "/api/v1/users/00ushv4xwpqbk8oI60h7",
						"changedAttributes": "middleName",
						"targetEventHookIds": "whotdmcxo546J8y4x0h7,whotujtoxshQiykQI0h7",
						"url": "/api/v1/users/00ushv4xwpqbk8oI60h7?"
					}
				},
				"legacyEventType": "core.user.config.profile_update.success",
				"authenticationContext": {
					"authenticationStep": 0,
					"externalSessionId": "102mRKf_nYoSTmJWo3hzGtn7Q"
				},
				"securityContext": {
				}
			}
		]
	},
	"eventTime": "2020-09-23T20:54:01.752Z",
	"contentType": "application/json"
}
